연도,모델,판매량
2015,5시리즈,15817
2016,5시리즈,17179
2017,5시리즈,24095
2018,5시리즈,23387
2019,5시리즈,19138
2020,5시리즈,20643
2021,5시리즈,17747
2022,5시리즈,21513
2023,5시리즈,20492
2024,5시리즈,20697
2025,5시리즈,23876
2015,CR-V,1371
2016,CR-V,1343
2017,CR-V,1435
2018,CR-V,854
2019,CR-V,1286
2020,CR-V,596
2021,CR-V,1698
2022,CR-V,1274
2023,CR-V,777
2024,CR-V,1026
2025,CR-V,724
2018,E-PACE,636
2019,E-PACE,538
2020,E-PACE,184
2021,E-PACE,88
2021,EQA,886
2022,EQA,1412
2023,EQA,1700
2024,EQA,856
2025,EQA,482
2022,EQB,728
2023,EQB,2065
2024,EQB,1057
2025,EQB,516
2018,ES300h,2425
2019,ES300h,7293
2020,ES300h,5732
2021,ES300h,6746
2022,ES300h,4869
2023,ES300h,7839
2024,ES300h,6558
2025,ES300h,6844
2021,EV6,11023
2022,EV6,24852
2023,EV6,17227
2024,EV6,9054
2025,EV6,9368
2016,F-PACE,525
2017,F-PACE,1084
2018,F-PACE,863
2019,F-PACE,714
2020,F-PACE,311
2021,F-PACE,120
2022,F-PACE,124
2023,F-PACE,31
2017,G4 렉스턴,15260
2018,G4 렉스턴,16674
2019,G4 렉스턴,12879
2020,G4 렉스턴,8626
2016,G80,24806
2017,G80,39762
2018,G80,37219
2019,G80,22284
2020,G80,56150
2021,G80,59463
2022,G80,47154
2023,G80,43236
2024,G80,45854
2025,G80,41291
2015,GLA,1222
2016,GLA,2141
2017,GLA,2634
2018,GLA,2409
2019,GLA,3259
2020,GLA,1636
2021,GLA,1457
2022,GLA,1098
2023,GLA,926
2024,GLA,608
2025,GLA,435
2020,GLB,1649
2021,GLB,5219
2022,GLB,3356
2023,GLB,2257
2024,GLB,1302
2025,GLB,1158
2016,GLC,3332
2017,GLC,4497
2018,GLC,7750
2019,GLC,8635
2020,GLC,7450
2021,GLC,6281
2022,GLC,5162
2023,GLC,6918
2024,GLC,8659
2025,GLC,9333
2016,GLE,3104
2017,GLE,3813
2018,GLE,2960
2019,GLE,2024
2020,GLE,3996
2021,GLE,6852
2022,GLE,7136
2023,GLE,7253
2024,GLE,5083
2025,GLE,6960
2015,GLK,774
2020,GV70,98
2021,GV70,40994
2022,GV70,29492
2023,GV70,34474
2024,GV70,34469
2025,GV70,34712
2020,GV80,34217
2021,GV80,24591
2022,GV80,23439
2023,GV80,28860
2024,GV80,39369
2025,GV80,32397
2019,I-PACE,68
2020,I-PACE,47
2021,I-PACE,22
2015,M클래스,838
2015,Q5,2701
2016,Q5,1301
2017,Q5,21
2020,Q5,2007
2021,Q5,1755
2022,Q5,2289
2023,Q5,1702
2024,Q5,969
2025,Q5,1702
2015,QM3/캡처,24560
2016,QM3/캡처,15301
2017,QM3/캡처,12228
2018,QM3/캡처,6367
2019,QM3/캡처,4702
2020,QM3/캡처,2283
2021,QM3/캡처,1254
2015,QM5,6804
2016,QM5,1163
2016,QM6,14126
2017,QM6,27837
2018,QM6,32999
2019,QM6,47640
2020,QM6,46825
2021,QM6,37747
2022,QM6,27440
2023,QM6,10866
2024,QM6,7813
2025,QM6,4480
2015,RAV4,1908
2016,RAV4,1126
2017,RAV4,2194
2018,RAV4,2050
2019,RAV4,2810
2020,RAV4,2150
2021,RAV4,2095
2022,RAV4,5388
2023,RAV4,5984
2024,RAV4,5776
2025,RAV4,4756
2015,X5,2064
2016,X5,1907
2017,X5,3076
2018,X5,1869
2019,X5,2205
2020,X5,3642
2021,X5,5856
2022,X5,7558
2023,X5,7899
2024,X5,12352
2025,X5,12492
2019,X7,418
2020,X7,2669
2021,X7,4210
2022,X7,4342
2023,X7,4399
2024,X7,4332
2025,X7,4593
2018,XC40,422
2019,XC40,1638
2020,XC40,2555
2021,XC40,2755
2022,XC40,2865
2023,XC40,4150
2024,XC40,5200
2025,XC40,5698
2015,XC60,776
2016,XC60,911
2017,XC60,1555
2018,XC60,2659
2019,XC60,2969
2020,XC60,2539
2021,XC60,3382
2022,XC60,2460
2023,XC60,5831
2024,XC60,5988
2025,XC60,8891
2016,XC90,782
2017,XC90,1066
2018,XC90,1593
2019,XC90,1416
2020,XC90,1363
2021,XC90,1526
2022,XC90,2314
2023,XC90,2468
2024,XC90,1616
2025,XC90,1820
2020,XM3/아르카나,34091
2021,XM3/아르카나,16535
2022,XM3/아르카나,19425
2023,XM3/아르카나,8915
2024,XM3/아르카나,8869
2025,XM3/아르카나,5562
2024,그랑 콜레오스,22034
2025,그랑 콜레오스,40877
2015,그랜드 스타렉스,48384
2016,그랜드 스타렉스,45778
2017,그랜드 스타렉스,45776
2018,그랜드 스타렉스,50180
2019,그랜드 스타렉스,40867
2020,그랜드 스타렉스,36190
2021,그랜드 스타렉스,7192
2016,니로,18710
2017,니로,23647
2018,니로,19378
2019,니로,24791
2020,니로,21239
2021,니로,18504
2022,니로,24777
2023,니로,16314
2024,니로,13590
2025,니로,13305
2018,니로 EV,3433
2019,니로 EV,1455
2023,니로 EV,4245
2024,니로 EV,980
2025,니로 EV,294
2022,니로 플러스,4714
2023,니로 플러스,2916
2024,니로 플러스,408
2015,렉스턴,6087
2016,렉스턴,5260
2017,렉스턴,1121
2020,렉스턴,3576
2021,렉스턴,5547
2022,렉스턴,3822
2023,렉스턴,2794
2024,렉스턴,1958
2025,렉스턴,1361
2018,렉스턴 스포츠,41717
2019,렉스턴 스포츠,25152
2020,렉스턴 스포츠,19564
2021,렉스턴 스포츠,13495
2022,렉스턴 스포츠,13827
2023,렉스턴 스포츠,8583
2024,렉스턴 스포츠,7362
2025,렉스턴 스포츠,817
2019,렉스턴 스포츠 칸,16174
2020,렉스턴 스포츠 칸,13504
2021,렉스턴 스포츠 칸,12318
2022,렉스턴 스포츠 칸,12078
2023,렉스턴 스포츠 칸,6766
2024,렉스턴 스포츠 칸,5417
2025,렉스턴 스포츠 칸,709
2015,모하비,8673
2016,모하비,15059
2017,모하비,15205
2018,모하비,7837
2019,모하비,9238
2020,모하비,19598
2021,모하비,10869
2022,모하비,11633
2023,모하비,5020
2024,모하비,2294
2021,스타리아,26240
2022,스타리아,33440
2023,스타리아,39780
2024,스타리아,41118
2025,스타리아,37030
2015,스포티지,52748
2016,스포티지,49877
2017,스포티지,42232
2018,스포티지,37373
2019,스포티지,28270
2020,스포티지,18424
2021,스포티지,39762
2022,스포티지,55394
2023,스포티지,69749
2024,스포티지,74255
2025,스포티지,74517
2015,시에나,801
2016,시에나,595
2017,시에나,883
2018,시에나,786
2019,시에나,389
2020,시에나,147
2021,시에나,1256
2022,시에나,1177
2023,시에나,1659
2024,시에나,998
2025,시에나,1002
2015,싼타페,92928
2016,싼타페,76917
2017,싼타페,51661
2018,싼타페,107202
2019,싼타페,86198
2020,싼타페,57578
2021,싼타페,41600
2022,싼타페,28705
2023,싼타페,51343
2024,싼타페,77161
2025,싼타페,57891
2015,쏘렌토,77768
2016,쏘렌토,80714
2017,쏘렌토,78458
2018,쏘렌토,67200
2019,쏘렌토,52325
2020,쏘렌토,82275
2021,쏘렌토,69934
2022,쏘렌토,68902
2023,쏘렌토,85811
2024,쏘렌토,94538
2025,쏘렌토,100002
2021,아이오닉 5,22671
2022,아이오닉 5,27399
2023,아이오닉 5,16605
2024,아이오닉 5,14213
2025,아이오닉 5,14211
2023,알파드,502
2024,알파드,923
2025,알파드,1559
2015,오딧세이,389
2016,오딧세이,360
2017,오딧세이,333
2018,오딧세이,1017
2019,오딧세이,753
2020,오딧세이,317
2021,오딧세이,367
2022,오딧세이,556
2023,오딧세이,202
2024,오딧세이,264
2025,오딧세이,168
2015,올란도,19686
2016,올란도,12881
2017,올란도,8067
2018,올란도,2171
2019,올란도,43
2015,익스플로러,3689
2016,익스플로러,4739
2017,익스플로러,6021
2018,익스플로러,6909
2019,익스플로러,4910
2020,익스플로러,11531
2021,익스플로러,9318
2022,익스플로러,6284
2023,익스플로러,3120
2024,익스플로러,3360
2025,익스플로러,4908
2015,카니발,67559
2016,카니발,65927
2017,카니발,68386
2018,카니발,76362
2019,카니발,63706
2020,카니발,64195
2021,카니발,73503
2022,카니발,59058
2023,카니발,69857
2024,카니발,82748
2025,카니발,78218
2015,카렌스,3647
2016,카렌스,3585
2017,카렌스,2805
2018,카렌스,1712
2017,코나,23522
2018,코나,39275
2019,코나,39877
2020,코나,31902
2021,코나,12008
2022,코나,8120
2023,코나,32196
2024,코나,25455
2025,코나,28661
2018,코나 일렉트릭,11193
2019,코나 일렉트릭,2772
2023,코나 일렉트릭,2510
2024,코나 일렉트릭,3004
2025,코나 일렉트릭,4077
2022,토레스,22484
2023,토레스,34951
2024,토레스,13170
2025,토레스,8659
2023,토레스 EVX,2113
2024,토레스 EVX,6112
2025,토레스 EVX,1812
2015,투싼,57411
2016,투싼,56677
2017,투싼,76010
2018,투싼,71989
2019,투싼,36758
2020,투싼,36144
2021,투싼,48376
2022,투싼,32890
2023,투싼,43744
2024,투싼,55257
2025,투싼,53901
2019,트래버스,842
2020,트래버스,4035
2021,트래버스,3483
2022,트래버스,1944
2023,트래버스,1162
2024,트래버스,1039
2025,트래버스,59
2015,티볼리,45021
2016,티볼리,56935
2017,티볼리,55280
2018,티볼리,43897
2019,티볼리,35428
2020,티볼리,20714
2021,티볼리,11194
2022,티볼리,8661
2023,티볼리,5581
2024,티볼리,6252
2025,티볼리,5301
2020,티볼리 에어,2739
2021,티볼리 에어,5341
2022,티볼리 에어,2469
2023,티볼리 에어,1102
2024,티볼리 에어,620
2025,티볼리 에어,2
2018,팰리세이드,1908
2019,팰리세이드,52299
2020,팰리세이드,64791
2021,팰리세이드,52338
2022,팰리세이드,49737
2023,팰리세이드,41093
2024,팰리세이드,20967
2025,팰리세이드,60909
2015,프리랜더,3
